location,iso_code,vaccines,last_observation_date,source_name,source_website
Afghanistan,AFG,"Oxford/AstraZeneca, Pfizer/BioNTech, Sinopharm/Beijing",2021-06-08,World Health Organization,https://covid19.who.int/
Albania,ALB,"Oxford/AstraZeneca, Pfizer/BioNTech, Sinovac, Sputnik V",2021-06-10,Ministry of Health,https://shendetesia.gov.al/vaksinimi-anticovid-kryhen-823053-vaksinime/
Algeria,DZA,"Oxford/AstraZeneca, Sputnik V",2021-06-06,Ministry of Health,https://english.aawsat.com/home/article/3013471/muslim-brotherhood-parties-hope-sweep-algeria-elections
Andorra,AND,"Oxford/AstraZeneca, Pfizer/BioNTech",2021-06-07,Government of Andorra,https://www.govern.ad/covid19_newsletter/
Angola,AGO,Oxford/AstraZeneca,2021-06-10,World Health Organization,https://covid19.who.int/
Anguilla,AIA,Oxford/AstraZeneca,2021-06-04,World Health Organization,https://covid19.who.int/
Antigua and Barbuda,ATG,Oxford/AstraZeneca,2021-06-09,Ministry of Health,https://covid19.gov.ag
Argentina,ARG,"Oxford/AstraZeneca, Sinopharm/Beijing, Sputnik V",2021-06-11,Ministry of Health,http://datos.salud.gob.ar/dataset/vacunas-contra-covid-19-dosis-aplicadas-en-la-republica-argentina
Armenia,ARM,"Oxford/AstraZeneca, Sinovac, Sputnik V",2021-06-06,Ministry of Health,https://arka.am/en/news/society/about_47_000_armenians_vaccinated_against_covid_19_over_two_months_/
Aruba,ABW,Pfizer/BioNTech,2021-06-11,Government of Aruba,https://www.government.aw
Australia,AUS,"Oxford/AstraZeneca, Pfizer/BioNTech",2021-06-11,Government of Australia via covidlive.com.au,https://covidlive.com.au/vaccinations
Austria,AUT,"Johnson&Johnson, Moderna, Oxford/AstraZeneca, Pfizer/BioNTech",2021-06-10,Ministry of Health,https://info.gesundheitsministerium.gv.at/opendata/
Azerbaijan,AZE,"Oxford/AstraZeneca, Sinovac, Sputnik V",2021-06-11,Government of Azerbaijan,https://koronavirusinfo.az
Bahamas,BHS,Oxford/AstraZeneca,2021-06-05,Government of the Bahamas,https://www.facebook.com/opmbs/posts/825041384884507
Bahrain,BHR,"Oxford/AstraZeneca, Pfizer/BioNTech, Sinopharm/Beijing, Sputnik V",2021-06-11,Ministry of Health,https://healthalert.gov.bh/en/
Bangladesh,BGD,Oxford/AstraZeneca,2021-06-10,Directorate General of Health Services,http://103.247.238.92/webportal/pages/covid19-vaccination-update.php
Barbados,BRB,Oxford/AstraZeneca,2021-06-09,Ministry of Health,https://www.facebook.com/moh.barbados/photos/4281970281835009/
Belarus,BLR,"Sinopharm/Beijing, Sputnik V",2021-06-06,World Health Organization,https://covid19.who.int/
Belgium,BEL,"Johnson&Johnson, Moderna, Oxford/AstraZeneca, Pfizer/BioNTech",2021-06-10,Sciensano,https://epistat.wiv-isp.be/covid/
Belize,BLZ,"Oxford/AstraZeneca, Sinopharm/Beijing",2021-06-04,Ministry of Health,https://www.facebook.com/Belizehealth/photos/a.1410495949248816/2699511233680608/
Benin,BEN,"Oxford/AstraZeneca, Sinovac",2021-06-08,Ministry of Health,https://covid19.who.int/
Bermuda,BMU,Pfizer/BioNTech,2021-06-07,Government of Bermuda,https://bernews.com/2021/06/73702-total-covid-19-vaccinations-given/
Bhutan,BTN,Oxford/AstraZeneca,2021-05-27,Ministry of Health,https://www.facebook.com/MoHBhutan/photos/a.999012646827018/4203792293015688/
Bolivia,BOL,"Oxford/AstraZeneca, Pfizer/BioNTech, Sinopharm/Beijing, Sputnik V",2021-06-09,Ministry of Health,https://www.boliviasegura.gob.bo/index.php/category/estadistica/
Bonaire Sint Eustatius and Saba,BES,"Moderna, Pfizer/BioNTech",2021-04-09,World Health Organization,https://covid19.who.int/
Bosnia and Herzegovina,BIH,"Oxford/AstraZeneca, Pfizer/BioNTech, Sinovac, Sputnik V",2021-05-25,Public Health Institute,https://www.klix.ba/vijesti/bih/u-fbih-do-sada-vakcinisano-vise-od-112-700-stanovnika/210525116
Botswana,BWA,Oxford/AstraZeneca,2021-06-07,Ministry of Health and Wellness,https://twitter.com/BWGovernment/status/1403023571757277192
Brazil,BRA,"Oxford/AstraZeneca, Pfizer/BioNTech, Sinovac",2021-06-11,Ministry of Health,https://qsprod.saude.gov.br/extensions/DEMAS_C19Vacina/DEMAS_C19Vacina.html
British Virgin Islands,VGB,Oxford/AstraZeneca,2021-05-28,World Health Organization,https://covid19.who.int/
Brunei,BRN,"Oxford/AstraZeneca, Sinopharm/Beijing",2021-06-08,Ministry of Health,https://www.facebook.com/MOHBrunei/photos/pcb.3868598916601779/3868598833268454/
Bulgaria,BGR,"Johnson&Johnson, Moderna, Oxford/AstraZeneca, Pfizer/BioNTech",2021-06-11,Ministry of Health,https://coronavirus.bg/bg/statistika
Burkina Faso,BFA,Oxford/AstraZeneca,2021-06-10,World Health Organization,https://covid19.who.int/
Cambodia,KHM,"Oxford/AstraZeneca, Sinopharm/Beijing, Sinovac",2021-06-10,Ministry of Health,http://www.freshnewsasia.com/index.php/en/localnews/201080-2021-06-10-14-30-38.html
Cameroon,CMR,"Oxford/AstraZeneca, Sinopharm/Beijing",2021-06-10,World Health Organization,https://covid19.who.int/
Canada,CAN,"Moderna, Oxford/AstraZeneca, Pfizer/BioNTech",2021-06-11,Official data from provinces via covid19tracker.ca,https://covid19tracker.ca/vaccinationtracker.html
Cape Verde,CPV,"Oxford/AstraZeneca, Pfizer/BioNTech",2021-06-10,World Health Organization,https://covid19.who.int/
Cayman Islands,CYM,"Oxford/AstraZeneca, Pfizer/BioNTech",2021-06-08,Cayman Islands Government,https://www.exploregov.ky/coronavirus-statistics
Central African Republic,CAF,"Covaxin, Oxford/AstraZeneca",2021-06-08,World Health Organization,https://covid19.who.int/
Chad,TCD,BBIBP-CorV,2021-06-10,World Health Organization,https://covid19.who.int/
Chile,CHL,"CanSino, Oxford/AstraZeneca, Pfizer/BioNTech, Sinovac",2021-06-10,Department of Statistics and Health Information via github.com/juancri/covid19-vaccination,https://www.gob.cl/yomevacuno/
China,CHN,"CanSino, Sinopharm/Beijing, Sinopharm/Wuhan, Sinovac",2021-06-11,National Health Commission,http://www.nhc.gov.cn/xcs/yqjzqk/202106/361693e0f94b4aee91f87534a6a55c72.shtml
Colombia,COL,"Oxford/AstraZeneca, Pfizer/BioNTech, Sinovac",2021-06-09,Ministry of Health,https://twitter.com/MinSaludCol/status/1402975610574606336
Comoros,COM,"Covaxin, Oxford/AstraZeneca, Sinopharm/Beijing",2021-06-08,World Health Organization,https://covid19.who.int/
Congo,COG,"Moderna, Oxford/AstraZeneca, Sinopharm/Beijing, Sputnik V",2021-06-10,World Health Organization,https://covid19.who.int/
Cook Islands,COK,Oxford/AstraZeneca,2021-06-08,SPC Public Health Division,https://stats.pacificdata.org/vis?tm=covid&pg=0&df[ds]=SPC2&df[id]=DF_COVID_VACCINATION&df[ag]=SPC&df[vs]=1.0
Costa Rica,CRI,"Oxford/AstraZeneca, Pfizer/BioNTech",2021-06-07,Costa Rican Social Security Fund,https://www.ccss.sa.cr/web/coronavirus/vacunacion
Cote d'Ivoire,CIV,Oxford/AstraZeneca,2021-06-10,Ministry of Health and Public Hygiene,https://www.facebook.com/mshpcmu/posts/1924245974407754
Croatia,HRV,"Moderna, Oxford/AstraZeneca, Pfizer/BioNTech",2021-06-10,Ministry of Health,https://www.koronavirus.hr
Cuba,CUB,"Abdala, Soberana02",2021-06-09,Ministry of Health,https://salud.msp.gob.cu/actualizacion-de-la-vacunacion-en-el-marco-de-los-estudios-de-los-candidatos-vacunales-cubanos-y-la-intervencion-sanitaria/
Curacao,CUW,"Moderna, Pfizer/BioNTech",2021-06-11,Government of Curacao,https://bakuna.cw/
Cyprus,CYP,"Johnson&Johnson, Moderna, Oxford/AstraZeneca, Pfizer/BioNTech",2021-06-10,Ministry of Health,https://www.moh.gov.cy/moh/moh.nsf/All/0EFA027144C9E54AC22586BE0032B2F5
Czechia,CZE,"Johnson&Johnson, Moderna, Oxford/AstraZeneca, Pfizer/BioNTech",2021-06-11,Ministry of Health,https://onemocneni-aktualne.mzcr.cz/covid-19
Democratic Republic of Congo,COD,Oxford/AstraZeneca,2021-06-10,World Health Organization,https://covid19.who.int/
Denmark,DNK,"Moderna, Pfizer/BioNTech",2021-06-10,Statens Serum Institute,https://covid19.ssi.dk/overvagningsdata/vaccinationstilslutning
Djibouti,DJI,"Oxford/AstraZeneca, Sinopharm/Beijing, Sputnik V",2021-06-01,World Health Organization,https://covid19.who.int/
Dominica,DMA,Oxford/AstraZeneca,2021-06-05,Government of Dominica,https://dominica.gov.dm/images/coronavirus/20210606_122154.jpg
Dominican Republic,DOM,"Oxford/AstraZeneca, Sinopharm/Beijing, Sinovac",2021-06-10,Ministry of Public Health,https://vacunate.gob.do/
Ecuador,ECU,"Oxford/AstraZeneca, Pfizer/BioNTech, Sinovac",2021-06-08,Government of Ecuador via Ecuacovid,https://github.com/andrab/ecuacovid
Egypt,EGY,"Oxford/AstraZeneca, Sinopharm/Beijing, Sinovac, Sputnik V",2021-06-09,World Health Organization,https://covid19.who.int/
El Salvador,SLV,"Oxford/AstraZeneca, Pfizer/BioNTech, Sinovac",2021-06-09,Ministry of Health,https://covid19.gob.sv/
England,OWID_ENG,"Moderna, Oxford/AstraZeneca, Pfizer/BioNTech",2021-06-10,Government of the United Kingdom,https://coronavirus.data.gov.uk/details/healthcare
Equatorial Guinea,GNQ,Sinopharm/Beijing,2021-06-03,Ministry of Health,https://guineasalud.org/estadisticas/
Estonia,EST,"Johnson&Johnson, Moderna, Oxford/AstraZeneca, Pfizer/BioNTech",2021-06-10,National Health Board,https://opendata.digilugu.ee
Eswatini,SWZ,Oxford/AstraZeneca,2021-05-13,Government of Eswatini,https://twitter.com/EswatiniGovern1/status/1392874186671075331
Ethiopia,ETH,Oxford/AstraZeneca,2021-06-10,Ministry of Health,https://twitter.com/FMoHealth/status/1403054088154124292
Faeroe Islands,FRO,"Moderna, Pfizer/BioNTech",2021-06-09,Government of the Faeroe Islands,https://corona.fo/api
Falkland Islands,FLK,Oxford/AstraZeneca,2021-04-14,Government of the Falkland Islands,https://www.facebook.com/FalkIandsGov/posts/4401230323224594
Fiji,FJI,Oxford/AstraZeneca,2021-06-08,SPC Public Health Division,https://stats.pacificdata.org/vis?tm=covid&pg=0&df[ds]=SPC2&df[id]=DF_COVID_VACCINATION&df[ag]=SPC&df[vs]=1.0
Finland,FIN,"Moderna, Oxford/AstraZeneca, Pfizer/BioNTech",2021-06-11,Finnish Institute for Health and Welfare,https://sampo.thl.fi/pivot/prod/en/vaccreg/cov19cov/fact_cov19cov?column=measure-533185.533172.433796.533175&row=cov_vac_dose-533174L
France,FRA,"Johnson&Johnson, Moderna, Oxford/AstraZeneca, Pfizer/BioNTech",2021-06-10,Public Health France,https://www.data.gouv.fr/fr/datasets/donnees-relatives-aux-personnes-vaccinees-contre-la-covid-19-1/
French Polynesia,PYF,Oxford/AstraZeneca,2021-06-08,SPC Public Health Division,https://stats.pacificdata.org/vis?tm=covid&pg=0&df[ds]=SPC2&df[id]=DF_COVID_VACCINATION&df[ag]=SPC&df[vs]=1.0
Gabon,GAB,Sinopharm/Beijing,2021-06-11,Ministry of Health,https://monitoring-covid19gabon.ga/
Gambia,GMB,"Oxford/AstraZeneca, Sinopharm/Beijing",2021-06-08,World Health Organization,https://covid19.who.int/
Georgia,GEO,Oxford/AstraZeneca,2021-06-10,Government of Georgia,https://www.facebook.com/ncdcgeorgia/photos/4072377916183441/
Germany,DEU,"Johnson&Johnson, Moderna, Oxford/AstraZeneca, Pfizer/BioNTech",2021-06-10,Robert Koch Institut,https://impfdashboard.de/
Ghana,GHA,"Oxford/AstraZeneca, Sputnik V",2021-05-31,World Health Organization,https://covid19.who.int/
Gibraltar,GIB,Pfizer/BioNTech,2021-06-08,Government of Gibraltar,https://twitter.com/GibraltarGov/status/1402266140265660422
Greece,GRC,"Johnson&Johnson, Moderna, Oxford/AstraZeneca, Pfizer/BioNTech",2021-06-11,Ministry of Health,https://www.data.gov.gr/datasets/mdg_emvolio/
Greenland,GRL,Moderna,2021-06-11,Government of Greenland,https://corona.nun.gl/emner/statistik/antal_vaccinerede
Grenada,GRD,Oxford/AstraZeneca,2021-06-04,World Health Organization,https://covid19.who.int/
Guatemala,GTM,"Moderna, Oxford/AstraZeneca",2021-06-10,Ministry of Health,https://gtmvigilanciacovid.shinyapps.io/3869aac0fb95d6baf2c80f19f2da5f98
Guernsey,GGY,"Moderna, Oxford/AstraZeneca, Pfizer/BioNTech",2021-06-11,Government of Guernsey,https://covid19.gov.gg/guidance/vaccine/stats
Guinea,GIN,Sputnik V,2021-06-08,National Health Security Agency,https://twitter.com/anss_guinee/status/1402531994777624579
Guinea-Bissau,GNB,"Oxford/AstraZeneca, Sinopharm/Beijing",2021-06-08,World Health Organization,https://covid19.who.int/
Guyana,GUY,"Oxford/AstraZeneca, Sputnik V",2021-06-09,Ministry of Health,https://www.facebook.com/mohguyana/photos/a.1505704143066460/2621232874846909
Honduras,HND,"Johnson&Johnson, Moderna, Oxford/AstraZeneca, Sputnik V",2021-06-10,World Health Organization,https://www.facebook.com/saludhn/posts/1831645783670529
Hong Kong,HKG,"Pfizer/BioNTech, Sinovac",2021-06-11,Government of Hong Kong,https://www.covidvaccine.gov.hk/en/dashboard
Hungary,HUN,"Moderna, Oxford/AstraZeneca, Pfizer/BioNTech, Sinopharm/Beijing, Sputnik V",2021-06-09,Government of Hungary,https://koronavirus.gov.hu/cikkek/5-millio-311-ezer-beoltott-206-az-uj-fertozott-elhunyt-7-beteg
Iceland,ISL,"Johnson&Johnson, Moderna, Oxford/AstraZeneca, Pfizer/BioNTech",2021-06-11,Directorate of Health,https://www.covid.is/tolulegar-upplysingar-boluefni
India,IND,"Covaxin, Oxford/AstraZeneca",2021-06-11,Government of India,https://dashboard.cowin.gov.in/
Indonesia,IDN,"Oxford/AstraZeneca, Sinovac",2021-06-11,Ministry of Health,https://vaksin.kemkes.go.id/#/vaccines
Iran,IRN,"Covaxin, Oxford/AstraZeneca, Sinopharm/Beijing, Sputnik V",2021-06-08,World Health Organization,https://covid19.who.int/
Iraq,IRQ,"Oxford/AstraZeneca, Pfizer/BioNTech, Sinopharm/Beijing, Sputnik V",2021-06-08,World Health Organization,https://covid19.who.int/
Ireland,IRL,"Johnson&Johnson, Moderna, Oxford/AstraZeneca, Pfizer/BioNTech",2021-05-30,Heath Service Executive,https://covid19.who.int/
Isle of Man,IMN,"Oxford/AstraZeneca, Pfizer/BioNTech",2021-06-09,Isle of Man Government,https://covid19.gov.im/general-information/covid-19-vaccination-statistics/
Israel,ISR,"Moderna, Pfizer/BioNTech",2021-06-11,Government of Israel,https://datadashboard.health.gov.il/COVID-19/general
Italy,ITA,"Johnson&Johnson, Moderna, Oxford/AstraZeneca, Pfizer/BioNTech",2021-06-11,Extraordinary commissioner for the Covid-19 emergency,https://raw.githubusercontent.com/italia/covid19-opendata-vaccini/master/dati/somministrazioni-vaccini-latest.csv
Jamaica,JAM,Oxford/AstraZeneca,2021-06-04,World Health Organization,https://covid19.who.int/
Japan,JPN,"Moderna, Pfizer/BioNTech",2021-06-10,Prime Minister's Office,https://www.kantei.go.jp/jp/headline/kansensho/vaccine.html
Jersey,JEY,"Moderna, Oxford/AstraZeneca, Pfizer/BioNTech",2021-06-06,Government of Jersey,https://www.gov.je/Datasets/ListOpenData?ListName=COVID19Weekly&clean=true
Jordan,JOR,"Oxford/AstraZeneca, Pfizer/BioNTech, Sinopharm/Beijing, Sputnik V",2021-06-11,Government of Jordan,https://corona.moh.gov.jo/ar
Kazakhstan,KAZ,"QazVac, Sinopharm/HayatVax, Sputnik V",2021-06-11,Government of Kazakhstan,https://www.coronavirus2020.kz/
Kenya,KEN,"Oxford/AstraZeneca, Sputnik V",2021-06-10,Ministry of Health,https://twitter.com/MOH_Kenya/status/1403021430737014789
Kosovo,OWID_KOS,Oxford/AstraZeneca,2021-06-06,Ministry of Health,https://www.facebook.com/Ministria.Shendetesise.RKS/posts/2008463175977926
Kuwait,KWT,Pfizer/BioNTech,2021-05-16,Ministry of Health,https://www.aljarida.com/articles/1621187972024941600/
Kyrgyzstan,KGZ,"Sinopharm/Beijing, Sputnik V",2021-06-09,Ministry of Health,"https://akipress.com/news:659241:Kyrgyzstan_vaccinates_over_88,000_against_COVID-19/"
Laos,LAO,"Sinopharm/Beijing, Sputnik V",2021-06-11,Government of Laos,https://www.facebook.com/CIEH.MoH.Lao/photos/a.1580136645344357/4330592860298708/
Latvia,LVA,"Johnson&Johnson, Moderna, Oxford/AstraZeneca, Pfizer/BioNTech",2021-06-11,National Health Service,https://data.gov.lv/dati/eng/dataset/covid19-vakcinacijas
Lebanon,LBN,"Oxford/AstraZeneca, Pfizer/BioNTech, Sinopharm/Beijing, Sputnik V",2021-06-11,Government of Lebanon,https://impact.cib.gov.lb/home/dashboard/vaccine
Lesotho,LSO,Oxford/AstraZeneca,2021-05-21,World Health Organization,https://covid19.who.int/
Liberia,LBR,Oxford/AstraZeneca,2021-06-10,World Health Organization,https://covid19.who.int/
Libya,LBY,"Johnson&Johnson, Moderna, Oxford/AstraZeneca, Pfizer/BioNTech, Sinovac, Sputnik V",2021-06-09,World Health Organization,https://covid19.who.int/
Liechtenstein,LIE,"Moderna, Pfizer/BioNTech",2021-06-09,Federal Office of Public Health,https://www.covid19.admin.ch/en/epidemiologic/vacc-doses?detGeo=FL
Lithuania,LTU,"Johnson&Johnson, Moderna, Oxford/AstraZeneca, Pfizer/BioNTech",2021-06-11,Ministry of Health,https://experience.arcgis.com/experience/cab84dcfe0464c2a8050a78f817924ca/page/page_3/
Luxembourg,LUX,"Moderna, Oxford/AstraZeneca, Pfizer/BioNTech",2021-06-11,Government of Luxembourg,https://covid19.public.lu/fr.html
Macao,MAC,"Pfizer/BioNTech, Sinopharm/Beijing",2021-06-11,Government of Macao,https://www.gov.mo/zh-hant/news/481731/
Madagascar,MDG,Oxford/AstraZeneca,2021-06-10,World Health Organization,https://covid19.who.int/
Malawi,MWI,Oxford/AstraZeneca,2021-06-10,Ministry of Health,https://twitter.com/health_malawi/status/1403012944443625477
Malaysia,MYS,"Oxford/AstraZeneca, Pfizer/BioNTech, Sinovac",2021-06-10,Government of Malaysia,https://www.vaksincovid.gov.my/statistik/
Maldives,MDV,"Oxford/AstraZeneca, Pfizer/BioNTech, Sinopharm/Beijing",2021-06-09,Presidency of the Maldives,https://twitter.com/HPA_MV/status/1403035128738107395
Mali,MLI,Oxford/AstraZeneca,2021-06-10,World Health Organization,https://covid19.who.int/
Malta,MLT,"Johnson&Johnson, Moderna, Oxford/AstraZeneca, Pfizer/BioNTech",2021-06-10,COVID-19 Malta Public Health Response Team,https://github.com/COVID19-Malta/COVID19-Cases
Mauritania,MRT,"Oxford/AstraZeneca, Sinopharm/Beijing",2021-06-10,World Health Organization,https://covid19.who.int/
Mauritius,MUS,"Covaxin, Oxford/AstraZeneca, Sinopharm/Beijing",2021-06-08,World Health Organization,https://covid19.who.int/
Mexico,MEX,"CanSino, Oxford/AstraZeneca, Pfizer/BioNTech, Sinovac, Sputnik V",2021-06-10,Secretary of Health,https://www.gob.mx/cms/uploads/attachment/file/645730/CP_Salud_CTD_coronavirus_COVID-19__11jun21.pdf
Moldova,MDA,"Oxford/AstraZeneca, Pfizer/BioNTech, Sinopharm/Beijing, Sputnik V",2021-06-11,Ministry of Health,https://vaccinare.gov.md/
Monaco,MCO,Pfizer/BioNTech,2021-06-10,National Council,https://www.gouv.mc//Action-Gouvernementale/Coronavirus-Covid-19/Actualites/Covid-19-quatre-nouveaux-cas-positifs-ce-vendredi-11-juin
Mongolia,MNG,"Oxford/AstraZeneca, Pfizer/BioNTech, Sinopharm/Beijing, Sputnik V",2021-06-11,Ministry of Health via ikon.mn,https://ikon.mn/
Montenegro,MNE,"Oxford/AstraZeneca, Pfizer/BioNTech, Sinopharm/Beijing, Sputnik V",2021-06-11,Government of Montenegro,https://www.covidodgovor.me/
Montserrat,MSR,Oxford/AstraZeneca,2021-05-28,World Health Organization,https://covid19.who.int/
Morocco,MAR,"Oxford/AstraZeneca, Sinopharm/Beijing",2021-06-11,Ministry of Health,http://www.covidmaroc.ma/pages/Accueilfr.aspx
Mozambique,MOZ,"Oxford/AstraZeneca, Sinopharm/Beijing",2021-06-10,World Health Organization,https://covid19.who.int/
Myanmar,MMR,Oxford/AstraZeneca,2021-05-13,World Health Organization,https://covid19.who.int/
Namibia,NAM,"Oxford/AstraZeneca, Sinopharm/Beijing",2021-06-10,Ministry of Health and Social Services,https://www.facebook.com/MoHSSNamibia/photos/a.500006330672375/760652457941093/
Nauru,NRU,Oxford/AstraZeneca,2021-06-08,SPC Public Health Division,https://stats.pacificdata.org/vis?tm=covid&pg=0&df[ds]=SPC2&df[id]=DF_COVID_VACCINATION&df[ag]=SPC&df[vs]=1.0
Nepal,NPL,"Oxford/AstraZeneca, Sinopharm/Beijing",2021-06-10,Government of Nepal,https://covid19.mohp.gov.np/covid/englishSituationReport/60c1f96cc7b61_SitRep487_COVID-19_10-06-2021_EN.pdf
Netherlands,NLD,"Johnson&Johnson, Moderna, Oxford/AstraZeneca, Pfizer/BioNTech",2021-06-11,RIVM via European CDC,https://www.ecdc.europa.eu/en/publications-data/data-covid-19-vaccination-eu-eea
New Caledonia,NCL,Pfizer/BioNTech,2021-06-08,SPC Public Health Division,https://stats.pacificdata.org/vis?tm=covid&pg=0&df[ds]=SPC2&df[id]=DF_COVID_VACCINATION&df[ag]=SPC&df[vs]=1.0
New Zealand,NZL,Pfizer/BioNTech,2021-06-08,Ministry of Health,https://www.health.govt.nz/our-work/diseases-and-conditions/covid-19-novel-coronavirus/covid-19-data-and-statistics/covid-19-vaccine-data
Nicaragua,NIC,"Oxford/AstraZeneca, Sputnik V",2021-05-21,World Health Organization,https://covid19.who.int/
Niger,NER,"Oxford/AstraZeneca, Sinopharm/Beijing",2021-06-08,World Health Organization,https://covid19.who.int/
Nigeria,NGA,Oxford/AstraZeneca,2021-06-04,Government of Nigeria,https://twitter.com/NphcdaNG/status/1400875651012378627
North Macedonia,MKD,"Oxford/AstraZeneca, Pfizer/BioNTech, Sinopharm/Beijing, Sputnik V",2021-06-10,Government of North Macedonia,https://twitter.com/ZdravstvoMK/status/1403264177246978048
Northern Cyprus,OWID_CYN,"Oxford/AstraZeneca, Pfizer/BioNTech, Sinovac",2021-05-27,Ministry of Health,https://asibilgisistemi.com/
Northern Ireland,OWID_NIR,"Moderna, Oxford/AstraZeneca, Pfizer/BioNTech",2021-06-10,Government of the United Kingdom,https://coronavirus.data.gov.uk/details/healthcare
Norway,NOR,"Moderna, Pfizer/BioNTech",2021-06-10,Norwegian Institute of Public Health,https://www.fhi.no/sv/vaksine/koronavaksinasjonsprogrammet/koronavaksinasjonsstatistikk/
Oman,OMN,"Oxford/AstraZeneca, Pfizer/BioNTech",2021-06-07,World Health Organization,https://timesofoman.com/article/102385-93-of-omans-population-vaccinated-against-covid-19
Pakistan,PAK,"CanSino, Oxford/AstraZeneca, Sinopharm/Beijing, Sinovac, Sputnik V",2021-06-09,National Command and Operation Centre,https://ncoc.gov.pk/covid-vaccination-en.php
Palestine,PSE,"Moderna, Oxford/AstraZeneca, Pfizer/BioNTech",2021-06-05,Ministry of Health,https://www.facebook.com/mohps/posts/3869372203188629
Panama,PAN,"Oxford/AstraZeneca, Pfizer/BioNTech",2021-06-09,Ministry of Health,https://twitter.com/MINSAPma/status/1402776839018459139
Papua New Guinea,PNG,"Oxford/AstraZeneca, Sinopharm/Beijing",2021-06-07,World Health Organization,https://covid19.who.int/
Paraguay,PRY,"Covaxin, Oxford/AstraZeneca, Sinopharm/Beijing, Sinovac, Sputnik V",2021-06-10,Government of Paraguay,https://www.vacunate.gov.py/index-listado-vacunados.html
Peru,PER,"Oxford/AstraZeneca, Pfizer/BioNTech, Sinopharm/Beijing",2021-06-10,Ministry of Health,https://www.datosabiertos.gob.pe/dataset/vacunaci%C3%B3n-contra-covid-19-ministerio-de-salud-minsa
Philippines,PHL,"Oxford/AstraZeneca, Pfizer/BioNTech, Sinovac, Sputnik V",2021-06-08,Government of the Philippines,https://news.abs-cbn.com/spotlight/multimedia/infographic/03/23/21/philippines-covid-19-vaccine-tracker
Poland,POL,"Johnson&Johnson, Moderna, Oxford/AstraZeneca, Pfizer/BioNTech",2021-06-10,Ministry of Health,https://www.gov.pl/web/szczepimysie/raport-szczepien-przeciwko-covid-19
Portugal,PRT,"Johnson&Johnson, Moderna, Oxford/AstraZeneca, Pfizer/BioNTech",2021-06-11,Directorate General for Health via Data Science for Social Good,https://github.com/dssg-pt/covid19pt-data
Qatar,QAT,"Moderna, Pfizer/BioNTech",2021-06-11,Ministry of Public Health,https://covid19.moph.gov.qa/EN/Pages/Vaccination-Program-Data.aspx
Romania,ROU,"Johnson&Johnson, Moderna, Oxford/AstraZeneca, Pfizer/BioNTech",2021-06-10,Government of Romania via datelazi.ro,https://datelazi.ro/
Russia,RUS,"EpiVacCorona, Sputnik V",2021-06-11,Official data from local governments via gogov.ru,https://gogov.ru/articles/covid-v-stats
Rwanda,RWA,"Moderna, Oxford/AstraZeneca, Pfizer/BioNTech",2021-05-08,World Health Organization,https://covid19.who.int/region/afro/country/rw
Saint Helena,SHN,Oxford/AstraZeneca,2021-05-05,Government of Saint Helena,https://www.sainthelena.gov.sh/2021/news/preliminary-data-from-the-covid-19-vaccination-programme/
Saint Kitts and Nevis,KNA,Oxford/AstraZeneca,2021-06-10,Government of Saint Kitts and Nevis,https://www.facebook.com/StKittsHPU/photos/a.158729094910938/930957591021414/
Saint Lucia,LCA,Oxford/AstraZeneca,2021-06-11,Ministry of Health,https://www.covid19response.lc/
Saint Vincent and the Grenadines,VCT,Oxford/AstraZeneca,2021-06-10,Ministry of Health,https://www.facebook.com/SVGHEALTH/posts/4568334713226916
Samoa,WSM,Oxford/AstraZeneca,2021-06-08,SPC Public Health Division,https://stats.pacificdata.org/vis?tm=covid&pg=0&df[ds]=SPC2&df[id]=DF_COVID_VACCINATION&df[ag]=SPC&df[vs]=1.0
San Marino,SMR,"Pfizer/BioNTech, Sputnik V",2021-06-10,Social Security Institute,https://vaccinocovid.iss.sm/
Sao Tome and Principe,STP,Oxford/AstraZeneca,2021-06-10,World Health Organization,https://covid19.who.int/
Saudi Arabia,SAU,"Oxford/AstraZeneca, Pfizer/BioNTech",2021-06-11,Saudi Health Council,https://covid19.moh.gov.sa/
Scotland,OWID_SCT,"Moderna, Oxford/AstraZeneca, Pfizer/BioNTech",2021-06-10,Government of the United Kingdom,https://coronavirus.data.gov.uk/details/healthcare
Senegal,SEN,"Oxford/AstraZeneca, Sinopharm/Beijing",2021-06-10,World Health Organization,https://covid19.who.int/
Serbia,SRB,"Oxford/AstraZeneca, Pfizer/BioNTech, Sinopharm/Beijing, Sputnik V",2021-06-09,Government of Serbia,https://www.rts.rs/page/stories/ci/%D0%9A%D0%BE%D1%80%D0%BE%D0%BD%D0%B0%D0%B2%D0%B8%D1%80%D1%83%D1%81/story/3131/koronavirus-u-srbiji/4405495/koronavirus-srbija-broj-zarazenih-preminulih-9-jun-2021.html
Seychelles,SYC,"Oxford/AstraZeneca, Sinopharm/Beijing",2021-06-10,Extended Programme for Immunisation,https://www.youtube.com/watch?v=bxct_pI5iGA&ab_channel=SBC
Sierra Leone,SLE,"Oxford/AstraZeneca, Sinopharm/Beijing",2021-06-10,World Health Organization,https://covid19.who.int/
Singapore,SGP,"Moderna, Pfizer/BioNTech",2021-06-07,Ministry of Health,https://www.moh.gov.sg/covid-19
Sint Maarten (Dutch part),SXM,"Moderna, Oxford/AstraZeneca, Pfizer/BioNTech",2021-06-04,World Health Organization,https://covid19.who.int/
Slovakia,SVK,"Moderna, Oxford/AstraZeneca, Pfizer/BioNTech",2021-06-10,Ministry of Health,https://github.com/Institut-Zdravotnych-Analyz/covid19-data
Slovenia,SVN,"Oxford/AstraZeneca, Pfizer/BioNTech",2021-06-11,National Institute of Public Health via covid-19.sledilnik.org,https://covid-19.sledilnik.org/en/stats
Solomon Islands,SLB,Oxford/AstraZeneca,2021-06-08,SPC Public Health Division,https://stats.pacificdata.org/vis?tm=covid&pg=0&df[ds]=SPC2&df[id]=DF_COVID_VACCINATION&df[ag]=SPC&df[vs]=1.0
Somalia,SOM,"Oxford/AstraZeneca, Sinopharm/Beijing, Sinovac",2021-06-09,World Health Organization,https://covid19.who.int/
South Africa,ZAF,"Johnson&Johnson, Pfizer/BioNTech",2021-06-11,Ministry of Health,https://sacoronavirus.co.za/
South Korea,KOR,"Oxford/AstraZeneca, Pfizer/BioNTech",2021-06-11,Korea Centers for Disease Control and Prevention,http://ncv.kdca.go.kr/
South Sudan,SSD,Oxford/AstraZeneca,2021-06-08,World Health Organization,https://covid19.who.int/
Spain,ESP,"Johnson&Johnson, Moderna, Oxford/AstraZeneca, Pfizer/BioNTech",2021-06-10,Ministry of Health,https://www.mscbs.gob.es/profesionales/saludPublica/ccayes/alertasActual/nCov/documentos/Informe_Comunicacion_20210611.ods
Sri Lanka,LKA,"Oxford/AstraZeneca, Sinopharm/Beijing, Sputnik V",2021-06-11,Ministry of Health's Epidemiology Unit,https://www.epid.gov.lk/web/images/pdf/corona_virus_report/sitrep-sl-en-11-06_10_21.pdf
Sudan,SDN,"Oxford/AstraZeneca, Pfizer/BioNTech, Sinopharm/Beijing, Sinovac",2021-06-08,World Health Organization,https://covid19.who.int/
Suriname,SUR,Oxford/AstraZeneca,2021-06-09,Government of Suriname,https://laatjevaccineren.sr/
Sweden,SWE,"Oxford/AstraZeneca, Pfizer/BioNTech",2021-06-11,Public Health Agency of Sweden,https://www.folkhalsomyndigheten.se/smittskydd-beredskap/utbrott/aktuella-utbrott/covid-19/vaccination-mot-covid-19/statistik/statistik-over-registrerade-vaccinationer-covid-19/
Switzerland,CHE,"Moderna, Pfizer/BioNTech",2021-06-09,Federal Office of Public Health,https://www.covid19.admin.ch/en/epidemiologic/vacc-doses?detGeo=CH
Syria,SYR,"Oxford/AstraZeneca, Sinopharm/Beijing, Sputnik V",2021-06-06,World Health Organization,https://covid19.who.int/
Taiwan,TWN,"Moderna, Oxford/AstraZeneca",2021-06-11,Taiwan Centers for Disease Control,https://www.cdc.gov.tw/Category/Page/9jFXNbCe-sFK9EImRRi2Og
Tajikistan,TJK,Oxford/AstraZeneca,2021-06-06,World Health Organization,https://covid19.who.int/
Thailand,THA,"Oxford/AstraZeneca, Sinovac",2021-06-10,Government of Thailand,https://ddc.moph.go.th/uploads/ckeditor2//files/Daily%20report%202021-06-11v2.pdf
Timor,TLS,Oxford/AstraZeneca,2021-06-08,World Health Organization,https://covid19.who.int/
Togo,TGO,Oxford/AstraZeneca,2021-06-10,World Health Organization,https://covid19.who.int/
Tonga,TON,Oxford/AstraZeneca,2021-06-01,SPC Public Health Division,https://stats.pacificdata.org/vis?tm=covid&pg=0&df[ds]=SPC2&df[id]=DF_COVID_VACCINATION&df[ag]=SPC&df[vs]=1.0
Trinidad and Tobago,TTO,Oxford/AstraZeneca,2021-06-11,Ministry of Health,https://experience.arcgis.com/experience/59226cacd2b441c7a939dca13f832112/
Tunisia,TUN,"Oxford/AstraZeneca, Pfizer/BioNTech, Sinovac, Sputnik V",2021-06-09,Ministry of Health,https://www.facebook.com/santetunisie.rns.tn/posts/4211589338880138
Turkey,TUR,"Pfizer/BioNTech, Sinovac",2021-06-11,COVID-19 Vaccine Information Platform,https://covid19asi.saglik.gov.tr/
Turkmenistan,TKM,"EpiVacCorona, Oxford/AstraZeneca, Sinopharm/Beijing, Sputnik V",2021-04-04,World Health Organization,https://covid19.who.int/
Turks and Caicos Islands,TCA,Pfizer/BioNTech,2021-05-28,World Health Organization,https://covid19.who.int/
Tuvalu,TUV,Oxford/AstraZeneca,2021-06-01,SPC Public Health Division,https://stats.pacificdata.org/vis?tm=covid&pg=0&df[ds]=SPC2&df[id]=DF_COVID_VACCINATION&df[ag]=SPC&df[vs]=1.0
Uganda,UGA,Oxford/AstraZeneca,2021-06-08,Ministry of Health,https://twitter.com/MinofHealthUG/status/1403076275418406914
Ukraine,UKR,"Oxford/AstraZeneca, Pfizer/BioNTech, Sinovac",2021-06-11,Ministry of Health,https://vaccination.covid19.gov.ua/
United Arab Emirates,ARE,"Oxford/AstraZeneca, Pfizer/BioNTech, Sinopharm/Beijing, Sinopharm/Wuhan, Sputnik V",2021-06-11,National Emergency Crisis and Disaster Management Authority,http://covid19.ncema.gov.ae/en
United Kingdom,GBR,"Moderna, Oxford/AstraZeneca, Pfizer/BioNTech",2021-06-10,Government of the United Kingdom,https://coronavirus.data.gov.uk/details/healthcare
United States,USA,"Johnson&Johnson, Moderna, Pfizer/BioNTech",2021-06-11,Centers for Disease Control and Prevention,https://covid.cdc.gov/covid-data-tracker/#vaccinations
Uruguay,URY,"Oxford/AstraZeneca, Pfizer/BioNTech, Sinovac",2021-06-11,Ministry of Health via vacuna.uy,https://monitor.uruguaysevacuna.gub.uy/
Uzbekistan,UZB,"Oxford/AstraZeneca, RBD-Dimer, Sputnik V",2021-06-01,Government of Uzbekistan,https://menafn.com/1102195511/Uzbekistan-reveals-number-of-vaccinated-citizens
Vanuatu,VUT,Oxford/AstraZeneca,2021-06-08,SPC Public Health Division,https://stats.pacificdata.org/vis?tm=covid&pg=0&df[ds]=SPC2&df[id]=DF_COVID_VACCINATION&df[ag]=SPC&df[vs]=1.0
Venezuela,VEN,"BBIBP-CorV, Sputnik V",2021-06-11,Government of Venezuela,https://ais.paho.org/imm/IM_DosisAdmin-Vacunacion.asp
Vietnam,VNM,Oxford/AstraZeneca,2021-06-10,Government of Vietnam,https://suckhoedoisong.vn/sang-11-6-them-51-ca-mac-covid-19-viet-nam-da-co-9835-benh-nhan-n194776.html
Wales,OWID_WLS,"Moderna, Oxford/AstraZeneca, Pfizer/BioNTech",2021-06-10,Government of the United Kingdom,https://coronavirus.data.gov.uk/details/healthcare
Wallis and Futuna,WLF,Oxford/AstraZeneca,2021-06-08,SPC Public Health Division,https://stats.pacificdata.org/vis?tm=covid&pg=0&df[ds]=SPC2&df[id]=DF_COVID_VACCINATION&df[ag]=SPC&df[vs]=1.0
Yemen,YEM,Oxford/AstraZeneca,2021-06-10,World Health Organization,https://covid19.who.int/
Zambia,ZMB,"Oxford/AstraZeneca, Sinopharm/Beijing",2021-06-02,Government of Zambia,https://www.facebook.com/mohzambia/posts/1923567667817881
Zimbabwe,ZWE,Sinopharm/Beijing,2021-06-10,Ministry of Health,https://twitter.com/MoHCCZim/status/1403067527975034887
